map_creation_id,M0,M1,M2,M3,M4,M5,M6
1511151564767.979,6.33776184536651,0.387240399403494,3.7189892259589,0.709470785826877,2.69548478732935,12.916466394371,11.8018051801786
1511151564768.018,5.00711924131636,4.04368984803003,0.334947757286559,2.02286266263219,4.10752372996631,19.0099173777408,16.8542174483019
1511151564768.032,7.04282499529734,1.4232078029044,4.59453386663737,1.14257622084506,3.69923389246372,17.3150440510065,16.1866458050681
1511151564768.043,8.06520629033146,0.538181945186553,2.84953600682234,0.00795146466396801,2.026010842877,13.4690232143378,11.9674708042578
1511151564768.055,0.673188745880476,1.48999561978085,1.98025757152352,2.41879971183398,3.64149868833357,10.161381311493,9.30744182829369
1511151564768.066,1.73073884957101,1.02569728953435,10.0227772274339,1.91138104317532,4.65594280142058,14.429767525358,16.4573426242333
1511151564768.077,7.51379446462079,1.72833461590636,0.875151652520195,1.51739089265453,3.57637885701397,17.0892109704698,14.2350183902595
1511151564768.087,1.17602154018818,4.37843695727624,4.0511565618,1.8888618506797,4.07167987260094,16.5363156560182,17.1599894239945
1511151564768.098,5.265100511466,0.2872228652334,2.73039970726158,1.3362231539193,3.04535232866303,12.048546494942,10.4796247668929
1511151564768.109,4.66949357169533,2.55209039065297,7.72085661392481,0.611885606803657,3.48937099844392,17.1049973581574,18.4708373044626
1511151564768.121,2.02461767352306,0.26949637461009,5.2248244915215,0.699558251602427,2.21433985413704,7.85944265754655,8.70088301978815
1511151564768.132,6.43681345822827,3.71811283776703,3.6385147745347,0.114099674495518,2.66002712790385,18.1743693348944,17.9992633137438
1511151564768.143,4.97935546942039,0.384759238163463,1.06364072932588,1.93169767814721,3.40257134511504,12.1298526444049,9.65487249946472
1511151564768.154,4.69995863627196,2.67275132209611,5.62875910493212,1.60815172822379,4.29699222896792,18.2530585720754,18.1857208098608
1511151564768.164,0.750181547427675,1.68516260967394,2.72028417302994,0.351095167074154,1.39447078617465,6.65348163026816,7.47834400858221
1511151564768.175,4.5991966208422,2.46305603781359,4.84445940615345,0.653928345373648,2.96332625660857,15.1933718375422,15.4758200296342
1511151564768.187,1.48110624444831,5.08220222393289,0.137071218303999,3.68910082745802,5.64512454365457,19.8024370386759,17.7924893479885
1511151564768.198,1.80836056030277,2.16011654723344,3.56817716581179,3.01012571500064,4.96700736535381,15.1906745118705,14.2722714097599
1511151564768.210,0.467887962497927,0.010875151959886,1.60033243801239,0.759359490715325,1.28120427455775,3.23576197438651,3.16258744841614
1511151564768.220,7.17328764022865,2.92880455841068,3.43752733198642,0.245003168265913,2.74357826787316,17.7809839606322,17.0596076160484
1511151564768.231,0.292077600023054,0.106362515367729,1.57647966996594,2.02921944396728,2.76414386745505,5.89681872310523,5.03256067138158
1511151564768.284,2.03459365530587,1.95133902761685,1.7624718366978,3.20815341677211,4.85459756030879,14.4209193872852,12.5903403643372
1511151564768.297,6.3886977991519,0.00105042218248604,11.0482361536522,1.64191031478784,5.11816756990566,18.6595817734189,19.535412370849
1511151564768.309,5.21500048367712,2.37122595172917,6.62358873575118,1.50941757478889,4.39645792731225,18.74032550078,18.8837184736202
1511151564768.320,6.74189832115621,0.571088862541999,5.21724739807214,1.285590510329,3.76486549585826,15.9481822341407,14.8984039380475
1511151564768.331,8.79797895484924,1.57193600626244,0.217944388744185,1.97678788574759,4.18026997441673,19.0769001128122,15.2206104904942
1511151564768.343,0.296725417188384,0.140606569260469,8.78631897006534,5.79202166916718,8.57964741135049,18.391280265442,17.6538758793139
1511151564768.354,2.82229267787615,1.07012740201029,4.45401402195827,4.21294342075862,6.50851088375816,17.5375519855738,15.6054810763171
1511151564768.366,0.725787022993911,2.25755342720128,7.27874612678968,2.16164390759344,4.5060091482383,14.3644777756955,15.7614286487798
1511151564768.377,0.726153711103806,0.491202101257577,15.835611656277,0.550068206728414,3.87588022506258,12.6518637190403,17.9777631202665
1511151564768.388,1.50811024437934,1.67194888335304,2.73442600235118,3.57017843948559,5.32106414635554,14.5450345318009,12.9513209266763
1511151564768.400,4.07834942456387,3.37670716082447,4.05636852545123,0.871934619365352,3.16512647337885,16.2647273061987,16.444418436675
1511151564768.411,3.32085180240134,0.793969127725329,12.2561921184357,1.6611626158606,5.00809573563705,16.8998256581202,19.3576646679142
1511151564768.422,2.00900030409874,0.086857922634648,2.41149979376923,6.69147391721967,8.7106704280751,18.6379099014975,14.3683811268985
1511151564768.433,6.0244834167091,1.01563996077367,3.23754253641002,3.38458020795992,5.83267147347165,19.165289856483,16.2831326767392
1511151564768.444,4.42767601301654,2.98774021799667,6.11202736865295,1.59281751025849,4.38735974367928,18.7611385544014,19.0286180347994
1511151564768.455,1.11726472981351,0.786542186113308,10.9952144485205,0.661630213108546,3.21416250239459,11.0599922455136,14.4483127570241
1511151564768.466,3.57814025416066,0.620419085389568,1.65918935314477,4.81326947841395,6.72472743977159,17.2688441906188,13.5707510104414
1511151564768.477,3.56559480157298,0.466666327590287,6.78273884868502,3.11568463536395,5.66146313033411,16.4060428708524,15.7219541552051
1511151564768.488,4.06564959144848,0.0146707392033435,9.57049465997368,3.12811732130829,6.19977668204695,17.9025883554917,17.9940014277739
1511151564768.499,0.238365480908035,3.98974976270517,4.85924060921509,4.04654460802447,6.53402035711621,19.6560422855143,19.3592073109286
1511151564768.510,6.24709908608125,1.33018028174682,3.67149484546646,2.06466352208129,4.45836627101198,17.5006903140137,15.6533173415279
1511151564768.522,2.65958190078493,0.979942686658071,8.25533611332739,4.27828198177506,7.26146122776624,19.5817712099151,19.046260308835
1511151564768.533,6.66351928013367,0.219826665183226,0.215560938616709,2.9384030412462,4.68211726660622,15.6897589094855,11.640059956447
1511151564768.545,0.524716520762615,4.75710975484178,2.97175119430283,3.4330859316868,5.65388712784452,19.0670223919596,18.5316402660136
1511151564768.555,1.2236067891185,1.05714351023828,1.02559940404796,1.15093970310925,1.97135265416454,6.75700047860175,6.14788181421925
1511151564768.564,0.900437074635725,6.94019375334735,0.159394264966402,0.28438752918369,1.90506593880633,15.3431533705573,16.164648947819
1511151564768.575,2.97850087929877,2.05595920243142,1.09260946234118,3.15447322506494,4.84516205830987,15.3551681352626,13.0227523716375
1511151564768.587,2.58541774399652,2.32587516885572,8.70714859089592,2.01572995968932,4.93410227439645,17.5107754503694,18.9359988680439
1511151564768.598,1.69653758418824,1.68694205091425,5.69116655225265,0.108617655834447,1.83316280013562,9.18435937825181,10.9597454495811
1511151564768.609,1.08105507619325,0.15482516082683,10.3945092210613,4.89970062202013,7.9679964760684,18.515261719191,18.7192587677441
1511151564768.620,1.94115706284211,2.51117557778731,0.671070232458357,2.03802650655035,3.36289638060758,12.213154295189,10.9008932503316
1511151564768.632,5.82069470909083,0.132893986857161,4.89349346729369,4.09828482030966,6.77808694674851,19.7154736453465,16.870849820743
1511151564768.643,6.36585822532746,0.299686339112964,10.0937671131732,0.117876303695811,3.19470008389882,15.3630393822317,16.9764320565518
1511151564768.654,4.32783728758435,4.25454626499233,3.43167999649935,0.599212232522402,2.94249849069047,17.3338533839683,17.5432494391732
1511151564768.664,4.92941888117768,0.0905556783968622,1.74656649856027,4.22071246231842,6.16558530453782,16.8153005765019,13.0108151660431
1511151564768.675,1.14370297695907,2.75705842644814,7.87362283812954,3.33113329622731,6.16940426453933,18.7532497258924,19.5333482800321
1511151564768.687,1.30328006920054,0.0447076567058075,4.65765644846226,4.80059863517017,6.77793111440735,14.9212469208832,12.9812357910842
1511151564768.697,2.86780084552407,2.1918660315633,9.51525828627313,2.02540713550598,5.12003143682469,18.1339793923666,19.7342931786726
1511151564768.708,4.14689941311602,5.32924351567856,3.35510727958963,0.807841564671048,3.35812047684824,19.5770300956626,19.8702286730284
1511151564768.719,0.113359976506885,2.95041460905642,1.23701395462384,5.66664821002751,7.52912527351592,18.7654553610978,15.8914781279715
1511151564768.730,8.2606654587494,2.87783978081844,1.1629954054885,0.855995318339185,3.20703581256032,19.0609917982973,16.7215764194391
1511151564768.740,4.86469606224558,1.17694808550303,1.55119780026646,4.43781389507813,6.59070820662041,19.1816280993479,15.375354410981
1511151564768.751,5.19868251718738,3.42902241340473,2.15703418379717,1.52893998145995,3.78030784878515,18.1136242575226,16.7905420569101
1511151564768.763,4.13882141778109,1.45385340336716,5.71251274523032,3.51878287060416,6.22839375123146,19.2965934029589,17.9350515153648
1511151564768.774,6.96781172450865,0.191409688768343,6.77580706599034,2.1006394743936,4.98476841218387,18.2009315059934,17.0339898281991
1511151564768.785,2.18850295930527,1.02750795137533,13.7007669601384,0.317164182640742,3.55113801272759,13.840818184658,18.15265543435
1511151564768.796,6.06548589289703,4.69016320391122,0.811160411218808,0.711525975917128,2.95946295057245,19.1398968231694,17.8144644576192
1511151564768.807,3.1925096609495,2.1713306716968,3.1769837746216,1.44398876170893,3.28205032414273,13.4518721894248,12.9941957724754
1511151564768.819,3.35637872237554,0.763139738014825,15.014406821734,0.0259424094828535,3.60218849756226,15.0449156056279,19.6076975011715
1511151564768.829,2.89996249730736,2.12585871408161,3.82341543846332,3.22331932278766,5.44533072565592,17.1824130455144,15.8501538788856
1511151564768.840,2.18458720064903,2.17764339757182,0.932827770654929,0.488251564992771,1.55877380917236,8.7238672054265,8.41441841832272
1511151564768.851,0.664178645895309,2.43785869779014,0.841723556603411,5.0852715888094,6.7592232380644,17.0171634511394,14.1166871431981
1511151564768.862,1.70189827192605,3.24782402758796,2.98364520561085,2.3501432484204,4.27664104365878,15.3882262297905,14.9302912895911
1511151564768.873,3.48041974907612,4.13030208102612,2.03260528718186,2.05213429713524,4.22256800351341,18.2416869269422,17.2093708817427
1511151564768.884,2.25151425257682,0.0702006067862659,10.0884806320766,2.27838843216535,4.99887835278482,14.0959308424617,15.5571521919377
1511151564768.895,1.20855351421621,0.938471882285067,7.11192666549365,1.06404028654887,2.99773696261175,9.99443572371754,11.6747546015019
1511151564768.907,2.49878939951278,0.810995933436517,11.6852844401792,1.07950878439217,4.07742449646437,14.2511722256215,17.1635127005583
1511151564768.917,0.985701205833261,0.676433912158529,5.63313025723198,5.1921183119246,7.49732977458966,17.1525126411582,15.5263331720001
1511151564768.929,3.47192854180317,1.1789632189101,1.4453804860522,1.46452030444646,2.82676600893826,10.8987929344052,9.51753990299528
1511151564768.941,3.74132315942128,4.43411509324609,3.41829560721043,1.46809011881757,3.90145643082532,18.759759593198,18.6024398329776
1511151564768.952,2.64764969886259,2.39166781685081,3.57388555296148,2.43581814921043,4.47915288478859,15.5232987769996,14.761084219458
1511151564768.962,2.72424128600054,1.31151751399156,0.241958069714219,4.90984986120252,6.56289164751555,16.82751090021,12.9454803753814
1511151564768.975,6.76969359838971,2.93991839220427,2.57832330241366,1.57037956711035,4.07796957335169,19.5915615592118,17.7927102184539
1511151564768.986,1.51390750963634,1.73064979724346,5.10455662162817,1.8368517780079,3.73859338893153,12.3794919668673,12.8395268123548
1511151564768.997,1.60444640443004,2.55442256786032,5.19579625895295,2.30019056701704,4.48250553991292,15.1439971997721,15.4436394794612
1511151564769.008,4.04136536921158,2.19137023517298,6.38311231674361,1.06938963473148,3.59661774586248,15.7475218390667,16.451674509763
1511151564769.029,4.43142181033145,0.837733165364771,1.64183253699212,1.25559113219628,2.71215958713894,11.1799902481571,9.63614576200845
1511151564769.041,1.1873995227537,4.41122479586527,2.4462902728808,0.999492931261544,2.72625753285209,13.7387734715994,14.3723760627632
1511151564769.051,6.1018874703089,2.87121096135107,0.353768695414601,0.161508685214335,1.86650701862446,14.2090061555,12.7464155260075
1511151564769.062,4.86114498636131,4.22550792226552,3.98009214865871,1.09281545530192,3.71362817721743,19.3741048102757,19.2726688979625
1511151564769.072,9.10866718254206,0.357907639568138,3.59679712106371,0.716587887553363,3.1449179716013,16.4736834107577,14.3950169797704
1511151564769.083,7.13935473942924,1.23954844750841,3.9647007952385,0.266769200742265,2.52607556633749,14.8286948802506,13.9941667674012
1511151564769.095,1.06375088517234,3.27065340170763,8.06659607050165,0.99009308925869,3.53304774926576,14.7377255246078,17.2879617597412
1511151564769.106,0.200485884170983,1.35047529571943,4.44409144050481,3.6566055223175,5.46145941761544,13.4065072336052,12.7566836486029
1511151564769.117,6.77860991010789,1.67864121009651,7.45677695229398,1.15804467597101,4.26693857830828,19.2204390726491,19.2710691100338
1511151564769.129,3.74731221576403,0.427808423818452,9.09619330062699,0.401323935604021,2.92113830874602,12.1464236671224,14.082071564471
1511151564769.141,7.31484481747978,0.356139246237263,8.72612609172076,1.64407175999101,4.90804827824397,19.1779521453481,18.9551387698536
1511151564769.152,2.51483327261454,3.3061300317077,0.663121677856279,1.5655327101296,3.06006866778552,13.4952046623321,12.4539514446773
1511151564769.165,4.41077231459864,0.856985718913831,3.04400650193706,4.57737158361945,6.89776297505684,19.1605716015068,15.9025321335906
1511151564774.587,3.57317384369354,14.7190279345396,2.14111384499434,2.30752820029808,2.98035629914871,14.4350409335462,17.4152132676588
1511151564774.608,19.7743922565132,3.04298743005434,1.02453226876936,3.49006060750214,4.57951697612217,15.1529970048303,9.50617940510378
1511151564774.619,1.46598159882065,2.06551072824088,9.87340542170307,10.0787054962244,10.7311540412433,8.4657476457315,7.46766443592604
1511151564774.629,3.89194007807772,3.99043997991575,12.3243078763393,2.60812660678777,3.17846369439349,0.866756369452029,5.36714407760977
1511151564774.639,1.25214085727429,0.118682065492878,13.6923483186479,8.60172883793757,9.2881837884512,3.54855315547044,4.67696395613313
1511151564774.649,12.175870420778,1.40041082620329,10.2803579550379,6.68102703739534,8.48378945240472,14.3307014677673,12.143839690931
1511151564774.658,10.9336834435688,7.89361424112314,5.13203773499335,4.69728410100105,6.2526573418021,17.8999966029084,16.728084536705
1511151564774.668,17.7108390595245,1.34688665864334,14.6307321605771,2.47000499631704,5.26952160565085,15.1573374193449,15.5941131443641
1511151564774.678,10.380584239235,3.58806513791084,0.488675733768777,7.45604825321679,7.67221988764938,11.9409356115752,6.598437660832
1511151564774.688,9.50684781880898,7.73638657262029,1.91491919911679,5.28654580269483,6.06380617785464,15.0263170051267,12.7084825948746
1511151564774.700,0.587819677314693,1.5944868391098,9.53651106366713,8.0838575651913,8.07055073437622,1.90768500522223,2.33489279411335
1511151564774.710,3.70923176982665,8.77040875775292,15.0375359141572,0.663047050774881,2.322523172993,7.34969352166405,15.0855640383021
1511151564774.718,3.87670925593963,10.7288205188251,0.34029474384852,5.30969650995313,5.43493185341391,12.4599518282863,11.9306125582815
1511151564774.727,6.48121099184976,5.12498801308044,19.0796436513729,2.40259879606394,4.88406129090431,10.1328761853048,16.6213251862966
1511151564774.735,10.566930429238,3.91334232783065,17.4090693928433,1.58201974405851,4.04993085546513,10.4327499063636,15.3000091475343
1511151564774.744,16.4181853104625,10.1957603038212,0.292286008197226,0.615056644061282,1.90813540993285,17.9519983735774,16.3643829832281
1511151564774.754,6.30216191621007,8.57370059532334,7.66008710635543,6.8678517497347,8.64349755226725,19.2599824830147,19.1979174405503
1511151564774.762,14.7864611854117,4.37329048990722,4.34425788932407,0.690728236744587,1.32642335400163,7.11886681433869,6.46280770055323
1511151564774.772,12.4514086669943,1.37352333539165,2.42784702843403,6.47755480211191,6.79470988184308,9.46773636960217,4.42366724826316
1511151564774.780,8.54831587334584,10.2214461541644,6.28250262011026,3.40276516651445,5.00408056478588,17.165625757779,18.4938683826219
1511151564774.789,18.9721418539166,0.621318044399775,11.6598448829287,4.85846091881912,7.59264732969814,18.7529813392178,15.9363062592642
1511151564774.799,10.3876921405939,2.30635412604285,1.49701196880385,8.88009413768041,9.28887304565156,13.1304167050532,6.96584442151897
1511151564774.807,0.354024338190785,9.94198954906612,6.45023010439926,5.80735530121725,6.42691424907163,11.0221158339264,13.4264615731636
1511151564774.816,10.2267486874397,7.28396219975739,11.9331880058102,3.33981832694153,5.70019589846067,16.9757986326034,19.3533647928128
1511151564774.824,3.9155551744625,0.749838594554688,17.5291976091989,6.7378550967258,8.39530509227145,6.61957338659079,9.6628506008627
1511151564774.833,15.7219852068108,2.25108949540501,1.62220820784336,8.53598519788471,9.80057545601328,19.4309223935468,11.7853479251764
1511151564774.843,11.1645188589829,4.70770387560064,3.48921934406372,8.66887470838002,10.0293231766369,19.5610405800943,14.4523070474024
1511151564774.861,5.16669272671216,9.59611477401743,9.9763492972631,2.14464568149941,3.52217327657517,11.0035933676273,15.5413874554801
1511151564774.871,9.48078269285005,2.55851272456702,19.8579950227482,0.177742315047435,2.40298908026623,4.83514199319278,11.6666995668676
1511151564774.880,6.35509774299011,0.269362856763665,14.4838137851525,11.0187095442661,13.1858519868701,16.2653203564222,14.4080025130562
1511151564774.888,4.13338730120755,11.3162787972195,2.20318120664318,2.12314423964106,2.18982890385343,8.22821667281518,10.5591893565619
1511151564774.897,0.574670588471407,4.29711880845352,18.9315918174408,2.96677402550234,4.35414469749303,1.82142330787374,9.66252803720104
1511151564774.906,9.61443069052394,0.616859287837052,10.4543394076837,5.73381248114385,6.80816891907545,7.49150560508296,6.70722160409187
1511151564774.915,5.51434710480378,6.30118905436891,4.49919861980177,2.99175918768686,2.88278324862996,3.59278155133235,4.82905356829181
1511151564774.924,17.5291466888766,6.23538361312916,4.03138543267335,1.12517690130131,2.61692853711042,15.103907881939,13.4748981564051
1511151564774.933,0.0249562157384071,7.69848963757851,10.600038943613,10.4111868588066,12.1422330463054,18.6189256388116,19.1518382246634
1511151564774.943,7.62079217755846,9.4459082218559,6.44065648446435,4.13527857031604,5.58604374641013,16.1005349388096,17.1572717519873
1511151564774.953,3.71351378591307,11.9578600387255,2.22866560259986,5.86961165889629,6.67179799479627,16.9650448263122,17.0298774109437
1511151564774.962,16.0452566735972,3.09074446440006,4.27247691588657,2.53253062458269,3.44313715286561,10.2097311389707,7.64013418517304
1511151564774.970,1.27736880615261,11.1055068686252,5.46266433227223,0.418707646534712,0.270893768629564,2.34643543781405,7.93011347981905
1511151564774.980,0.169176149618588,7.41992709018635,4.87813388599535,4.79938628694821,4.40408124838913,2.78101029454335,4.89166835482768
1511151564774.989,18.2280360749477,0.246767715457969,12.7111009772091,4.13800524444873,6.74109272372819,16.1305686082477,14.3649345782868
1511151564774.998,9.4745616789797,5.61739971947128,2.88036076179204,7.13399450936709,7.99790490552214,15.4239247604477,11.8445152511672
1511151564775.008,7.08947735296787,3.32585457516798,4.28155873543825,8.20518837854251,8.66523224719483,10.9670658830349,7.55152675716471
1511151564775.016,2.2740957684762,0.637812102570553,12.2147700273354,6.33356644861431,6.60878915164361,0.152183145531724,2.02432584558752
1511151564775.025,13.9702973529332,9.17062477284573,6.44943522034474,0.537681879362683,2.36537005148543,16.2722815425506,17.6284917781815
1511151564775.034,5.34393742756702,6.68146618213184,6.05196580999463,1.30876002428265,1.23890762618135,1.43119699508166,4.50116523133475
1511151564775.042,19.3549062530905,1.83402361340393,10.5456930488233,2.30798591554235,4.67927405970064,15.4668098388579,14.053163634156
1511151564775.052,3.68218948492517,8.28516605239941,8.05809024199192,5.8023992940156,6.95986069799221,13.1837149647648,14.7951005677195
1511151564775.061,0.487140970844332,6.83232991553368,3.42944491659342,8.47853351124315,8.40643677785607,9.08058915440676,7.96287626446157
1511151564775.070,6.29348928463725,5.3298557393091,1.43132168761665,2.96449951074269,2.20647243059901,0.833715650528247,0.525174139865557
1511151564775.078,4.66920831789862,12.8677538647873,6.67032813216345,1.03574513030368,2.15559969128304,12.3078313401798,17.125840443315
1511151564775.087,3.38020327557976,2.21183000922417,19.8490578420893,6.31371738822579,8.53645635629423,9.23257146532054,13.8575718678758
1511151564775.096,16.9271172676235,3.78932927140265,3.79035941285794,1.98135277796488,2.99051047879835,11.2586127029218,8.71962508765645
1511151564775.106,5.61090916067555,6.22523184547261,2.32358124195596,10.8593684396687,11.7534900846911,19.1343463957577,14.2114621251944
1511151564775.115,3.21529017747649,4.95841691944076,1.46226691027326,6.77507140904479,6.111738417725,4.22573061203208,2.29922949036364
1511151564775.124,0.132915134893977,8.85316692352353,10.0094575083525,5.68767442127459,6.70620729003189,10.5115692746839,14.1872724092438
1511151564775.133,3.53736650185598,10.7780524876628,0.493790151535612,5.03036560408859,5.08676813340371,11.5991150282662,11.4351584022797
1511151564775.143,11.9310693425014,2.21180464607575,19.3078574889638,2.4760687765755,5.35663336442169,12.0083606797122,16.2193714614411
1511151564775.151,8.69724636193693,7.05535880277821,4.9866711492737,0.871606732386289,1.16454175763794,5.01931171651212,6.95853835248821
1511151564775.161,5.84407738197128,2.22177659377858,13.9506464812844,6.93577007620415,8.57085186845502,10.2913507956179,11.5123302017249
1511151564775.169,8.9708493136669,6.84204821037309,3.74960632179903,6.60957748770487,7.70337089335609,16.5284634645221,14.0097400751105
1511151564775.178,7.77869792037943,2.0894461614115,17.0577113865339,5.96459735016042,8.3165236813855,12.39162786383,14.7569865717042
1511151564775.187,10.3913203219283,4.59848418750292,7.96031364705414,1.63877414542592,2.43062240602141,5.94572345621796,7.46695861964948
1511151564775.196,14.7411770779613,2.31217026291323,8.14382438733143,7.18656977740155,9.29209420074512,19.291528769541,15.2974117808105
1511151564775.205,0.651460043534969,6.41476973257617,18.8413424789801,0.447974101260586,1.80135975437671,0.568601069470744,10.4327377690622
1511151564775.214,3.732958895294,3.66518226507543,12.0279196963433,4.02523980075085,4.7022080293586,2.88642840943266,6.31441665827293
1511151564775.223,0.279583866633444,1.50551337989112,8.02277671271794,10.8228381919823,10.9447057313829,6.28750586527862,4.39210787214674
1511151564775.231,17.1122762627695,0.269658800664257,3.37280830711492,2.6364967353179,3.01246390351951,5.83927995364857,2.00929054493943
1511151564775.240,17.3090040675684,1.54451733808568,3.25983569123182,6.92223496905679,8.33552566721002,17.6930603710431,11.0936296073924
1511151564775.250,5.18875435471399,0.320190686752757,16.3458109870784,4.83887648636194,6.060396321079,2.6877284956679,6.08088908145906
1511151564775.259,18.3248408918089,0.0278702225069649,6.66806263476819,5.99931980378067,7.76285879926184,16.1793630222045,10.854962665522
1511151564775.268,3.43093743978151,0.857588606261773,19.695469093397,8.22339147780871,10.4984473267496,10.6795951631162,13.6983479234862
1511151564775.276,7.95331819344963,4.74662429629713,11.7282037630485,2.4027991277292,3.66316381638465,6.91426193162946,10.1372833863772
1511151564775.285,2.97935324489041,7.84734281485641,12.6276985313373,1.93849172904209,3.06170971579028,5.87521945804693,11.93355672853
1511151564775.294,13.7217108685185,3.35083965177042,5.86374512173662,1.61551668915383,2.32100706419429,6.62767498519873,6.07350281324054
1511151564775.303,12.9330689429223,10.3980587799206,2.35226047377913,2.29729530414628,3.7330276055396,18.5760537178157,17.7930278718445
1511151564775.313,1.17189000625623,9.804672533073,11.2007378603296,3.39562957009107,4.59444779271581,9.5349661196816,15.0282162288204
1511151564775.321,3.66109393795156,2.27814158363549,10.3073592980379,5.54905516141405,5.88419201235199,2.3340578822562,3.87198685658962
1511151564775.330,7.91614553004706,9.11261380079966,6.69829360821595,4.21296273833719,5.71011772182281,16.1684993985782,17.1110300972272
1511151564775.339,18.4605316959485,0.752326563634351,0.57682568487215,3.99215582714265,4.40639856708215,9.7810985475426,3.64844355651503
1511151564775.348,14.5000569662079,2.3260461432599,3.70094517626503,7.70014459230459,9.01664031255198,17.4186380200596,11.5190304955943
1511151564775.357,1.04663659647601,9.40956823422016,8.97075661032011,2.07800051249092,2.51644167854614,4.43166659957158,9.96085640987783
1511151564775.365,0.191423774890868,6.31831560954589,7.34555433038341,8.12331035399204,8.57774476295224,9.294832422863,9.8672264305342
1511151564775.387,2.2687358445908,6.5549897593514,11.4676849893347,1.94365680967914,2.46888944131274,1.74091508447354,7.36777749953338
1511151564775.396,4.98610747295584,3.78133328536102,9.54443809721027,11.2410198501049,12.9800326738156,18.7492244663322,15.9996214505686
1511151564775.405,6.55001803236385,6.87372328151681,1.63622545492304,7.9346717045988,8.46126944945266,14.9476347386647,11.5538718392626
1511151564775.413,1.13652596640458,1.76523589653917,18.0947141980968,8.36405506770264,10.1526671633058,8.7322655512599,11.9810241934895
1511151564775.421,4.65931191807324,7.74638242843043,3.55872144253765,1.21772058466069,0.75488698440231,0.88646205301928,3.51364983981868
1511151564775.430,9.10541016467099,1.38109911966293,4.05861013946406,10.1987443124281,10.9284499381747,14.0129181899712,8.15800545203419
1511151564775.438,7.5601333543185,0.0471220937101737,6.23363407606815,12.6162523160525,13.6648466397542,15.8785508039231,9.46149935440169
1511151564775.446,1.65304140455873,6.54695348571467,12.1494350824037,3.95620701307674,4.86668888826928,5.63718634848566,10.3578147998772
1511151564775.455,7.85640728640192,4.48609593018444,19.8925453442037,3.13912375845479,6.01298648402363,12.7882771034859,18.5136242686575
1511151564775.464,3.62816024193017,5.67014367295687,17.3762296024328,5.20907116175166,7.49679993478125,12.3984388995715,17.3975474001471
1511151564775.473,2.19068963731663,12.2252155375079,0.592564106139448,3.69172682493663,3.58680246930691,9.80608953137681,11.2844802639929
1511151564775.481,3.82284032646567,5.07597782484362,4.6310477447369,9.91648195490486,10.5460500205351,13.9088086069073,10.8538010799705
1511151564775.491,3.20430173639048,10.5964957084738,3.51780188257915,7.81471886828902,8.85300159570448,18.6029313267753,17.7526564335617
1511151564775.499,15.4729770576169,7.78649085145398,8.53440642477005,1.06560613740672,3.36236053415339,17.9734826135899,19.0010419215504
1511151564775.507,7.41292094888738,2.4249232433805,1.6150323030054,12.9587973761529,13.6424560084255,18.2363160344244,10.3592777166901
1511151564775.516,3.45590220213875,3.22367668463403,6.88719473563289,6.05555826610567,5.98672779212857,2.91559914195511,3.08642920620704
1511151564776.143,4.0222910507433,14.9558355995832,4.3846492295704,11.6230637004332,10.8251123850969,11.768643688713,11.4528934883649
1511151564776.157,10.8159578433716,15.1285630538203,7.12516650172248,4.0368987515004,3.58194885055696,6.49134724386368,10.1109265621214
1511151564776.167,16.2290623866378,8.89382664296887,8.66004732636609,5.34553798542914,5.08999020001374,5.32185940858106,5.7265768600712
1511151564776.177,10.4964660853148,4.53581735163963,9.58096732544424,15.3537283789211,15.2295304863538,11.3029290000933,6.38759896478163
1511151564776.185,15.3698725738463,14.2367779302783,0.66393669507638,8.81140546587052,8.58313404254602,17.1397125624135,13.496728241102
1511151564776.195,3.39554425063141,14.9733650342831,18.4487147763968,5.82362859490399,6.54928047709803,7.02260374188851,16.0228899964269
1511151564776.203,16.9818855226959,0.156431196938254,17.3736542340236,8.5846337520697,8.94753745725415,1.6011873192263,1.21632356663054
1511151564776.211,10.4836121005506,17.230248978055,15.6609283108671,2.12350060970503,3.30803406630616,11.1703202869347,19.7205368016502
1511151564776.219,17.4658336876787,12.2766457644936,10.7957451959877,4.07644094771641,4.88367063360282,12.0810028342515,14.3344999022652
1511151564776.227,16.3655311872168,6.14441467268599,3.09532304760069,14.1237518618518,13.8644709575645,15.6450450301191,7.53004601588125
1511151564776.236,14.2889027581741,3.19563181272621,3.98081004380686,17.0978243688831,16.6000132320284,14.0937830203646,4.44829186107967
1511151564776.243,11.6165058579554,2.78772737391027,11.1926612806301,14.1472213566437,13.9527356235865,7.78642765367058,3.59836605803786
1511151564776.252,6.51454676924229,15.9074261224286,11.984684803564,6.15194708040368,6.42553152921478,9.76836798568075,15.3056229399656
1511151564776.261,5.74096022972474,6.03714346910385,18.8281355360559,16.7327160188277,18.104752387477,16.4472366688681,15.8454865077862
1511151564776.269,12.5609955034951,0.641495393837056,16.7456841769656,17.910843752212,19.1785725012701,16.3045524986809,10.9301023515766
1511151564776.278,14.8028234649531,1.18327019316545,8.49031416545936,16.1799829046204,16.0581671590995,11.6302222832835,3.73829526249643
1511151564776.287,19.8552991210214,9.05900144716881,10.6525330220304,8.18358829456176,9.46476736599835,17.7374769224025,15.8026409219724
1511151564776.296,1.35432493880261,12.8801886608016,14.74521742542,14.1980018523535,14.9622117708829,15.9879615363388,18.2607534511998
1511151564776.305,0.0309099821821199,5.3858522450198,10.0425688973766,18.9198633265861,17.918892711011,7.00558417949806,3.4391884757982
1511151564776.313,7.69036888775904,12.4373140264096,8.33935714747443,11.1159096455321,11.096493589343,13.0510482212868,12.881149975583
1511151564776.322,19.6603532299671,8.53927543163455,13.603342951192,1.17497848034941,1.61896473798483,3.22185898697188,7.07757299840707
1511151564776.330,11.3288918847096,16.5205543760005,10.0886529592905,2.85377510313626,3.1136445680443,9.11880267516887,14.7136271937366
1511151564776.338,0.935878470993146,10.6364601256635,9.20722569970448,12.1558305377365,10.9824542654338,3.36454463676764,4.70415980389936
1511151564776.347,12.7650303172326,15.1960137682914,10.9740897745546,1.67690813961588,1.87222176364479,6.46690549037932,12.4734473519002
1511151564776.355,10.3044158872217,6.91546444477005,13.223204997342,11.8047968531063,12.1765188772431,10.2448247508934,9.5613325884398
1511151564776.364,15.6553642420707,3.1443023061203,15.764807639879,12.59802958844,13.7491752711082,13.2672886219545,10.5526066149551
1511151564776.372,6.21652055628541,8.29941210572192,3.75379011753573,15.8717251627823,14.760489535067,10.5143992872688,5.17945598331265
1511151564776.381,17.5575119087163,14.5409249172998,8.79527053571815,0.0912157913123322,0.27001831006071,6.83386650426221,11.4164338646742
1511151564776.389,8.34612398638966,2.99118974161189,15.2471478050575,13.5428064841749,13.4949863828927,4.99695518233838,3.82314175194716
1511151564776.398,14.2738855654574,11.8977440209574,6.63186766945778,7.4776981141539,7.48905778732642,11.8979841982946,11.2969375238068
1511151564776.407,5.00447695010165,8.03064162684081,18.030272744915,14.2194434845002,15.26140878806,13.4607680979617,14.8614287546856
1511151564776.415,12.4617305489226,17.5727992015166,7.76450066525736,0.315310385909136,0.0799797444813368,5.8113651535578,12.0794422740716
1511151564776.423,12.2640051467874,8.40570651687279,19.6194865266295,6.5222817767082,7.78823041642806,8.25988752617961,13.1293576447676
1511151564776.431,10.3098378266804,13.5714696516885,11.7587773848235,9.64733560321108,10.6838080933194,17.6340194974841,19.0630447943843
1511151564776.439,5.11018705150515,14.6161769481792,2.92173243941555,8.97778027500217,7.54317908480026,5.99617168276976,6.5078228115084
1511151564776.448,6.91687018154585,9.50776672461243,0.531382254458074,18.2723325048035,17.3414098331382,16.9869370687596,8.82975392369965
1511151564776.456,14.1341333572408,16.0829537271371,1.6263302806155,1.44954880567965,0.239255251245431,3.86973232893057,6.28902113062288
1511151564776.465,7.2343998044529,3.92256197313171,14.0435020332881,13.4001742216734,13.0957207616305,4.29519977321917,3.30560954728122
1511151564776.474,3.39752240069116,8.94265949661411,13.7595004148018,10.9745815571176,10.5320271520205,3.56042387612592,6.26574912220702
1511151564776.482,10.0015535687709,5.77551025707549,2.1585835692505,19.7685892246332,19.1932596488806,18.0369565056559,7.78673130899736
1511151564776.492,14.936841895526,14.1895588952063,14.7196215573968,3.3460767356935,4.71982830172806,13.2365092807895,18.6057541276176
1511151564776.501,17.7260083207148,0.112393232993782,12.1378174375028,17.5007034545472,18.5906604591448,18.464402290649,9.87614291220118
1511151564776.509,8.85763867590263,9.47781740813848,15.297565310835,10.1070551558424,10.833648305108,10.9015812006628,13.0659352336079
1511151564776.518,14.5490668822622,8.50986200599016,2.87850010944842,12.4389498404029,11.9999487870335,14.0752246091142,8.03916559813249
1511151564776.527,7.10420641740777,3.64949483917421,14.0203033620289,14.664306328388,14.5061351379189,6.29091415520467,4.43301013046469
1511151564776.535,15.3651195301432,8.58363667353366,18.0592408400534,6.51509983086051,8.04528125041108,11.7575807112835,15.070759470807
1511151564776.542,11.1295621657104,9.58848116245295,18.4822163591624,8.32748542152608,9.74604594087358,12.2326475287649,16.0488176098449
1511151564776.550,15.7063383326228,7.862344609308,7.72579546932958,11.5924672061721,11.9882224123794,15.4650728706494,11.2939340481934
1511151564776.559,17.9692617423445,9.88434727094539,19.498924379088,5.22772238152156,7.50130093338302,15.8365368694895,19.9303915444762
1511151564776.568,9.8773079961239,4.51480300305857,5.89609892042066,15.6457323310073,14.7654248570473,8.84372354905747,2.57004088282165
1511151564776.576,3.8249451551082,12.48806404397,1.18784137385271,16.6190928806738,15.5863251116411,15.5124337095381,10.2643831821332
1511151564776.585,7.25289680301591,7.11152428217908,18.5344967667403,10.7229940756632,11.4297245647497,7.46581648665463,10.5097286668999
1511151564776.593,9.56877831056225,14.9896424316714,3.00436072233174,7.88523562937777,7.10086494466872,10.3356232208083,10.2201647574379
1511151564776.602,9.04600314795971,13.5303462315598,5.37282620072606,11.568511637995,11.5157977603682,16.1452058288572,14.3267275330987
1511151564776.610,2.74052396388294,15.9868552653432,5.32135723591068,10.0417444106615,9.12573780331871,9.24083679594815,10.9443884575368
1511151564776.620,13.8779681502855,10.3416614703717,1.66710688979458,12.7812349104305,12.4259736065687,16.7369921833897,10.5726341928559
1511151564776.628,6.05941914838995,19.0469757646021,2.3921031819239,4.70852333632467,3.45189805284147,6.36092291306896,10.0453613054489
1511151564776.637,7.16554152943807,10.4882242702363,8.18181324203555,14.930050787759,15.0881931890896,16.6651509683495,13.683699413645
1511151564776.647,11.3421458266648,11.7462965301338,12.3209514450953,6.81451256045609,7.25875919246515,9.73043864939375,12.6118547143415
1511151564776.655,3.81490356554406,18.1522545254118,19.8668522829764,1.56311675600196,2.49799707706385,5.45444779243762,18.289099901535
1511151564776.662,13.7858790190389,7.12211801546804,12.9310276479341,5.59267332290889,5.42374632136564,1.75973673244365,4.05682133027086
1511151564776.670,18.4785424942994,2.64800869017531,8.98286472594657,14.9397611772051,15.6046229022728,16.9766238375421,9.16192456775166
1511151564776.678,9.59719255254896,6.00088419839862,9.03358971073248,14.8241933335297,14.641009464368,11.4828665150434,7.28166160115982
1511151564776.687,12.668713473609,1.22907386449896,15.9290316715208,13.7947496263494,14.3029512974422,8.26466564822523,5.43748187725098
1511151564776.695,4.15748641495044,13.2917686638421,9.74330636010517,9.38181349053842,8.88837046720434,7.15197807891535,9.98354244255842
1511151564776.704,9.92097857747052,6.16464583161355,15.8508484196804,8.97092505557383,9.11670781586915,3.79036623378525,5.98042065470149
1511151564776.712,2.29821529239416,10.5625397330107,5.00906301256584,17.0771757924715,16.208347953022,13.0479738291517,9.05556162163999
1511151564776.719,12.8179276407349,8.8983802022287,16.4831198340569,10.1525412120096,11.6684378500738,15.8412391543334,17.0093728450696
1511151564776.727,15.6498069207054,1.45310967279845,6.06475594175879,19.3316885968465,19.5138734244196,18.571017391639,7.42696730356478
1511151564776.735,9.73280057023002,10.161806826561,4.60232072323045,11.7106271838287,10.9807726608386,10.3701426488508,7.33932087570257
1511151564776.743,5.46229277822684,16.2097172770803,7.43446340318769,6.29894348728059,5.61721479388016,6.52808584931013,10.6856311686394
1511151564776.752,18.3390644802732,6.33221016775518,17.1462679038403,5.55586049694728,6.79500327824329,8.72969266027212,10.9723756713983
1511151564776.760,3.62001662487126,17.4516569756399,14.5245267030573,4.867318623625,5.20939543635306,7.70109984742574,16.270693746521
1511151564776.768,2.73559018327308,19.4325821687433,7.85405915524816,5.02813970911272,4.37880359812247,6.68476582529386,13.3297503795212
1511151564776.777,7.36419670840291,17.382587992245,0.158068760419622,5.74497994524516,4.13956659799664,5.74072041019601,7.17301071873193
1511151564776.786,18.0944123974497,9.84556758561507,1.40693139316635,9.85831621784524,9.54426624195056,14.9385453109411,9.17879305257074
1511151564776.795,12.9734932896601,17.0934948864152,3.47696787212044,4.32000994216113,3.9821371886004,11.5622998918971,13.2900359210662
1511151564776.803,13.3378053009174,7.59131836569387,11.3140693999199,11.5525822695778,12.1662411199267,13.8811503211036,11.7898299364729
1511151564776.813,11.243354292059,6.43738616219272,2.3812122302032,13.2017806424418,11.8307118963868,7.01526692888704,0.991654554561891
1511151564776.830,14.9285369503136,5.12340685841476,14.2307420588061,5.88360790750143,5.80822993239525,0.811044596803622,2.65690203319542
1511151564776.838,5.08500464700149,13.1030631436559,2.87291547302424,12.2464038108104,11.0837633182258,10.0126488722393,8.03575275265084
1511151564776.847,4.42986641631057,11.5736306880515,0.316479359518245,12.6081426639183,10.6086485778802,5.41452838916511,2.18898903698692
1511151564776.854,16.0611238796083,10.6928990447816,10.2843235114747,9.79425017970761,10.9779218515445,19.1058681004106,17.4865870491094
1511151564776.862,13.4111348079694,2.60241402457343,9.0310044550618,14.238618785753,13.917729912399,8.69731648188707,3.02745000814162
1511151564776.872,11.994923031795,0.864955445492065,13.761393196986,15.8515435548718,16.1311475999668,9.7692170328243,4.90879727125602
1511151564776.890,15.0803897284842,7.05806352183101,17.1224851361978,8.79086947558663,10.1994176328274,12.7405696705753,13.9903967177742
1511151564776.899,1.10640294305732,17.648292476454,18.7052455021063,1.97935889916011,2.20843705427742,1.08002138789743,14.0023947923796
1511151564776.906,5.38924804319088,16.4087891433746,4.58874720461172,6.88558136756303,5.79661419248229,6.35742587326575,9.12810323255648
1511151564776.915,11.1196325386323,11.5924966744537,4.08422958182343,7.86590470409235,6.867431634142,6.42096417697627,5.59679295216436
1511151564776.923,6.2987119885388,10.1198074297107,6.42715196575636,13.1376920150268,12.4198245164543,9.89940107138227,7.69785273125811
1511151564776.931,7.09761289659331,12.474328489147,9.02723026307016,9.8226394652563,9.60804673410917,9.97859308957075,11.1366901889779
1511151564776.939,10.1071410249535,10.8676103313455,19.7514895639215,4.42769256735431,5.46795714055838,5.75741189686686,13.2402331813189
1511151564776.948,12.4104598951755,8.43434385112548,9.58070144057274,7.15423619598217,6.65905392804747,3.80554609605954,4.49902086799617
1511151564776.957,2.25426570795342,11.6635160583273,3.64054860766716,14.5712232637446,13.2045119135318,8.92177250972454,6.32825181902737
1511151564776.964,18.8080403884565,4.96812880684948,6.50028082228639,14.286816371983,14.8824881762546,19.0087028227495,11.0278860311298
1511151564776.971,2.3384699509837,17.0780809055498,16.3781154813797,4.10810153112058,4.37340717288509,4.76940233513711,14.8888864895313
1511151564776.980,8.29327939055085,4.36245587907159,9.31358619202953,15.8222374845743,15.3231340008983,8.89047619435101,4.25156555532233
1511151564776.988,17.7465196250103,0.610262419106542,19.3477702644409,14.6605669775789,16.7111670166461,17.7165104169689,13.7903252184978
1511151564776.996,8.09420271888537,18.2520625640715,4.55438190775485,2.61028304294604,1.57312598493511,4.32297429471074,9.41152538043615
1511151564777.003,2.09610687792143,7.09387561972601,2.46190143277929,19.8983014744888,18.3260815929278,10.5742005180984,3.17868119411281
1511151564777.543,7.94401836325732,18.7073596597714,12.5265923868869,17.4016148835295,16.907650385809,16.4873611797148,16.9349833357805
1511151564777.557,9.92843128592789,16.9701097636858,2.54253003418082,14.7951425455176,11.9270929979793,4.13587672204613,1.69274749284482
1511151564777.568,5.75487775106631,17.8216054542506,7.53617314574697,19.2601033649306,17.6048273531079,12.8439350972209,10.7529948960287
1511151564777.577,14.0500629149207,15.1117707295523,14.8447365288322,12.8677920826086,12.3160636709019,9.29074664773033,11.0043179212413
1511151564777.586,12.6445347229246,18.3999545013723,14.0025917795271,7.30076620464553,6.00656110223455,1.34921622797387,7.56269113861756
1511151564777.594,16.5170390949091,14.1220544593607,11.0654053118965,12.1683421001332,10.9943220749053,6.8620155151217,6.66491857134757
1511151564777.603,12.5133985632784,18.6465754581235,15.9831189981418,7.47755380737848,6.61806321038522,3.22771471017288,10.1405450208085
1511151564777.612,9.14215636922669,13.6638752199734,15.3899398620755,19.4826324809479,19.1020210310043,14.4973235057123,13.2962115847534
1511151564777.620,19.2825299733814,11.4411159122002,1.83697385731853,18.0831271677183,16.1547814392353,12.4496622542594,3.4629561509523
1511151564777.630,2.63258223688293,12.8223147167353,14.7053512916467,18.0482357929195,16.007258362675,0.749852259058072,2.24761677833248
1511151564777.639,19.1587500885693,9.22104176026487,16.9234545433149,10.4599073360616,9.55954580458838,0.741466222485114,2.11136873028864
1511151564777.648,10.4146786489844,19.129885055106,12.0855853200309,15.0059520413152,14.5010414572694,15.1761677787813,16.3437643235692
1511151564777.656,17.1254394759415,13.5908578285564,8.25693962811955,12.2593189351589,10.5657104719367,5.13938516945387,3.54871606788774
1511151564777.666,12.9794051803512,15.572384308332,5.63621947512,12.9924008558759,10.6257057400152,3.47304392900394,2.13661280552834
1511151564777.673,19.1545545349742,13.4550937765034,6.1132808254076,10.6947034108742,8.62998983830449,2.91620272864968,0.900174502626824
1511151564777.682,11.7552262570333,16.0849291416175,6.59614597645152,15.743510664952,13.9484483411891,9.3231491372078,6.97800431267526
1511151564777.692,8.79636595025659,10.2532291821684,13.4105606873507,19.5899439930999,18.1128991041333,6.46780981648449,3.96258661406325
1511151564777.701,11.4666110460899,14.7995665866607,2.92225745831429,18.034234605466,15.6480563394549,9.14626234926224,3.7615932965041
1511151564777.709,16.4931692092507,19.6722409559235,17.2147965791915,7.11074479340278,7.29914482609667,10.4459539301879,16.9405752821574
1511151564777.719,12.0829018683993,18.9660536996199,6.18397184002029,16.4099717947309,15.287715033013,16.5189571800321,13.9831950361876
1511151564777.728,17.1258334526447,12.9579658056857,12.8462807397328,13.904740518351,13.2516998004632,10.2130140179859,9.09209192841793
1511151564777.737,10.6362032577715,15.9337290716506,17.0008447554474,16.1522553902049,16.1854373373275,14.7039277682643,16.2643360034627
1511151564777.745,10.8106304281031,19.4009330677803,11.9504193569989,10.4207508635901,9.18696157628309,6.31039338200699,10.4419754878125
1511151564777.754,15.5145339127471,18.0288994387894,8.15383620184307,15.6340359496287,15.1410754904573,18.7766919947221,16.1977069867356
1511151564777.762,1.81403938218563,13.0286628569894,18.8418040226155,18.9552339636553,17.764808610819,4.5066547854179,7.2251155805812
1511151564777.771,18.5927432803763,16.8134814644687,1.78697892795964,16.1725892168218,14.8474632837804,17.8142655422022,11.2924814418748
1511151564777.780,17.5541166388425,12.690913673218,12.7220535313943,15.7956733585064,15.4784044418939,14.2439165959874,11.6122116502873
1511151564777.789,17.0528579197872,7.27434954125703,16.7073994710382,15.6149704488342,14.8544467250997,5.10528642782658,3.25591987746232
1511151564777.798,8.50351080156392,19.3589421241887,10.5318918175958,11.7577684771928,10.0953837096537,5.18255905457531,8.63704757605002
1511151564777.806,16.1659035896429,19.5268524271799,8.95252597595085,5.39032895332444,3.61661982913918,1.05373584462578,5.7401363394461
1511151564777.819,15.937433262495,11.4788963331344,16.0696023406435,15.2199881737592,14.9181412509799,10.5392838098258,9.84410885594289
1511151564777.828,10.8893484153274,17.2974155079584,10.7310261860285,11.737607504752,10.1022979579535,4.42837227914417,6.81620654694081
1511151564777.835,8.25026495627926,12.5954916408162,16.9606368620129,15.3972755729773,14.2153624354038,3.43176527190752,5.66825300158378
1511151564777.843,15.4889295279219,19.7478386346565,4.36097291150301,14.872090467953,13.8613016122739,18.1489517219183,15.0018306406013
1511151564777.852,14.2025028028667,15.7238989386249,18.669784794669,6.97867522346652,6.24205754883333,0.356710694595838,7.51789182703046
1511151564777.860,14.9952886204852,4.89659236908233,19.9303384441112,18.2215381975797,17.7173542268943,5.30805764454803,3.13589260088847
1511151564777.869,10.0485569951391,10.7187058975747,15.5319429880107,14.983325616431,13.3859446000824,0.429597674448883,1.49017476356704
1511151564777.878,10.5292232101783,18.0360519480666,17.7680031421156,11.8009387782318,11.5990926917155,9.7651169188023,14.9595654961832
1511151564777.888,10.8308841950947,15.6592657057587,3.43023225243388,15.7663513903628,13.1326564783847,5.41157895941238,2.10859019749409
1511151564777.897,5.36350133337774,14.4024807800574,11.8102641496783,17.313595017662,15.3700194461066,4.10721271144875,4.42081303623638
1511151564777.907,9.47376965588458,7.98791932487371,18.6490031294013,19.14316214831,18.2423742219136,5.1812254816907,4.28157471963138
1511151564777.916,15.872942643675,11.0637685559532,5.15283280042232,18.5538758755232,16.6856988936923,10.2107323851682,3.18088954712022
1511151564777.924,10.481751470605,17.0612393493733,14.1725409267056,15.1862238210868,14.7079325363573,12.9042679591211,14.3261767725745
1511151564777.933,16.0722566942285,17.3357415609259,11.4820173078158,14.0455004672316,13.8546968450813,16.7750745502445,16.1894111182691
1511151564777.941,11.9239519682251,14.2868959212296,14.9527775148932,18.9868041387438,19.0304601249025,18.0638287430571,16.2358143852936
1511151564777.949,4.9635936508287,19.1557496794471,19.6511773653326,9.42533891074589,8.43319350865538,0.59906220250297,10.119390986249
1511151564777.957,9.84372894276047,8.98860015627093,16.8899655429367,19.3789576553483,18.4493924957389,7.05392834641704,5.40452344781238
1511151564777.965,10.4217603875107,8.75835079906631,17.4186445927237,16.5127229376067,15.220134294448,1.54584371182405,1.79525368829083
1511151564777.974,17.1137142300055,13.9517387147434,0.221601887727317,16.5686000967862,14.1949390833731,10.2150988305023,2.81773241276848
1511151564777.983,13.1041905497929,7.76554073904032,18.0087695827316,15.3259877576616,14.1887280468255,0.98893815310823,1.19867566589251
1511151564777.992,15.519260464305,17.1435694447538,4.34107746769746,17.4894283311203,16.4303948047953,18.7459957252025,13.3458898517011
1511151564778.002,13.8187380242357,15.1645637073986,11.1438895541446,16.4380697366681,15.797267121808,14.5099060717692,12.5325313962255
1511151564778.010,10.66947085041,17.2867346345969,10.1552676292302,14.0780720055781,12.7149298686403,8.78840171031842,9.45406625306123
1511151564778.019,16.347587836542,15.2593437159175,17.4295079029077,8.97544300268261,8.63360566743157,5.83381960052626,10.4020613994137
1511151564778.027,10.0345786461582,11.5253645548147,9.98269837601013,16.8440647954408,14.6868458134263,2.61494076798838,0.520497293474929
1511151564778.036,18.676807612128,18.4469915778455,12.1157583750667,7.64090635482109,7.08253198616601,9.02607241509696,12.3432989857104
1511151564778.045,10.2462566767871,16.5797642245561,1.91681001560975,19.6034445766882,17.4572387904456,13.7358254988968,7.64159352084792
1511151564778.053,11.253969516909,15.237538231117,3.40712260011905,15.5535971614172,12.8647804455631,4.68517032720795,1.30253820094308
1511151564778.061,11.7065618835908,12.8794399341807,13.4424069834984,13.311100807074,11.7293749877652,1.96488306389595,3.22803431018131
1511151564778.070,18.1100348386759,17.671585885895,12.3897649031621,9.61621944211136,9.21400230663337,11.1747693504863,13.3060995080905
1511151564778.080,19.1119809215321,19.9128344633916,11.2492699454197,6.41135510275869,5.83409138289064,9.28221654187679,13.2307127119679
1511151564778.088,19.573854141856,11.5741520889343,17.5509735974931,7.81331589787021,7.09665592392264,0.552300024242173,4.22795468817746
1511151564778.096,13.3914891193019,9.97114417328992,18.7571633788693,13.6725620100579,12.8693933185894,2.54768050440765,4.45278007668168
1511151564778.105,16.5099777608595,11.1060504946749,9.68769283469926,16.3189379065083,15.0260845498846,9.0808056254536,5.03257038287014
1511151564778.113,18.9030091927712,12.4513271647667,2.34695485498768,19.7137730250079,18.3128924307441,17.7086039974179,8.11594797480532
1511151564778.123,19.3608665471331,2.75271494394953,17.9055696185158,18.3993104237197,17.8551168941275,6.10046814341016,1.24278174843084
1511151564778.132,7.515511177593,18.7936241767833,0.848941376406851,13.793415119662,10.3787363719037,1.29941489149292,0.0269274030808404
1511151564778.140,19.4192153962112,8.97348489987806,9.7155360334096,18.9516235251054,18.2049947342033,14.4689693551312,7.31574516735519
1511151564778.148,19.4032756640383,4.83877323303373,18.9632786690509,15.0025855988604,14.4722672810996,3.55086466431881,1.73823603048741
1511151564778.157,11.1463739163038,15.8208861617987,4.24798969641439,17.4329682558482,15.3399990238609,10.2108254566523,6.0104647113232
1511151564778.166,15.9637596102987,10.7897776268336,3.70528105268088,19.7929242615826,17.8334895537044,11.5840610632228,3.10427699492261
1511151564778.175,15.9217764869738,17.403429384239,4.2575593996904,13.374951761935,11.6803702470455,10.9080005530268,8.16905004326016
1511151564778.184,14.3898815050623,13.5200252989411,14.4086564518511,16.5916714008534,16.3664835572983,14.3813306284126,13.0222025253504
1511151564778.194,7.46305741979399,19.1962017468982,14.3875557307823,11.1926241308768,9.95138084156576,4.60346840629677,10.174962559785
1511151564778.203,10.7619435354245,14.6312216100718,17.8497092240989,18.669392874731,19.0774548308582,18.2584893553321,18.1574678272468
1511151564778.213,7.3263634199331,18.1683972326901,5.46190509848191,19.6107384954504,17.9607121487655,15.0985343301414,11.5520923013272
1511151564778.221,11.1002613374082,17.0134625946784,17.7697065237666,12.7581854153199,12.6213853596401,10.595209113331,14.7727025804592
1511151564778.230,1.75648720898532,13.9408919821818,12.5452986169699,19.9516577429833,17.9178361581305,4.53398139994683,4.43821936140136
1511151564778.239,4.67664051355882,19.5281157031721,19.7737980101409,10.8955747310791,10.2168023532087,4.16730427181364,12.9016987345266
1511151564778.248,11.6511412131948,16.9093962139511,8.61697208542245,19.4278273594154,18.8259134209788,19.9038494225426,16.0006083631577
1511151564778.257,17.9290861908781,9.56941051764183,12.6075230498229,12.6692867569054,11.2080621992107,1.91997061243179,0.671077372268452
1511151564778.266,15.2419628562688,8.66902270476269,19.1750002273073,19.4184599686371,19.7816661604212,15.0535861794489,12.3931372929947
1511151564778.283,11.1291270020479,9.92863084696225,8.57513290515629,19.2662945880239,17.1442012509964,5.31810874055535,0.422429004704819
1511151564778.292,13.9494462529384,14.6581493336728,5.63903505448252,16.4719713808654,14.7134571672186,10.4522329182889,6.28537672165243
1511151564778.299,11.3238764461443,14.6911628065175,14.9396495483968,16.1425840906328,15.6512387412222,11.9435787838626,12.3001435994553
1511151564778.308,18.799068500031,19.6386482968274,16.4928728489791,2.00871176217266,1.52709042132925,2.05886942960958,10.9683942513905
1511151564778.317,10.4115718047822,15.3287995580654,9.29971986167613,17.7667401863153,16.4696308138949,12.0487416101842,9.64068523719372
1511151564778.325,6.71995856031873,16.9393113355606,18.9473545175017,11.6836070573711,10.819143789627,3.05210574064923,9.81303712030524
1511151564778.333,16.306411080276,10.5385259397771,17.3233588326034,18.2160073957071,18.5656186578698,16.3891713015763,13.8442681612176
1511151564778.341,8.77247756474917,18.5222954453237,5.59065376767713,12.9819722231553,10.4803804669924,3.56152032449798,4.12637144824548
1511151564778.350,18.9537087121555,13.9993661061209,6.15524008795316,12.8774350687244,11.2878640148402,8.4109880928119,5.10103838843815
1511151564778.358,15.9332813814869,9.2979555372759,16.4244800390789,15.8623345489855,15.3069381262549,7.90102396444191,6.51187946909066
1511151564778.366,16.6502759777447,18.4447500592043,17.0969953174323,6.05996218165546,5.81846643637315,5.95170818240176,12.8394981593476
1511151564778.374,2.17751127106031,19.839843229457,5.91416563857341,14.5332156137894,11.5163594057244,0.895064860922227,2.93260722099568
1511151564778.382,18.4669778020653,19.7787980998847,2.62157802908198,5.95856042900238,3.52614872782727,1.98900316190663,3.24498741726509
1511151564778.389,13.0414769556899,15.7632512987087,2.32909595524842,19.533508745096,17.7640664352335,15.9577999775846,8.99916872203499
1511151564778.398,10.4493860387343,11.127087121814,12.5129297887285,17.141989717305,15.5093831095684,4.55942058840473,2.99032592874255
1511151564778.406,9.928458524378,16.4551269133176,7.37513070768733,13.0581988003354,10.6921362130014,2.32998668249733,2.75082233091514
1511151564778.414,16.6437872014775,14.2164789789531,19.8103717418223,14.990602083992,16.0242488703105,18.5442568720852,19.6464628191725
1511151564778.422,14.1155153984508,19.476574969178,16.9867125956801,6.51943111844967,6.11574335880023,5.50974531084362,13.0638644323842
1511151564778.959,13.92721909855,18.127221423224,17.5368866751079,19.1837174566478,17.1650293991613,5.08610739721742,6.38211090601592
1511151564778.973,19.2368773780371,19.8985749826808,8.28746365521995,19.453100297113,16.9820081755868,10.5495963689688,6.82621987094557
1511151564778.983,14.9809710384107,16.4504425784087,14.8426629281427,18.8863476399472,16.1466064311932,0.970734311214571,0.825089141140405
1511151564778.992,15.6734214187198,19.5751731905715,19.9189244112,17.0480638876811,15.6829512481766,7.0626463886577,10.3677443207776
1511151564778.999,17.0327222803923,19.4158114844063,19.6005178372603,14.943144186102,13.3378444068681,3.84888464813254,7.98268311394093
1511151564779.008,17.5904003248774,12.6523128423895,17.959098547483,19.9748782546224,17.7062753653787,1.28767926346502,0.0180719968189349
1511151564779.017,15.7998801691218,18.2846803837394,15.2665746602533,18.7426560889309,16.5629091419279,5.55682699895323,5.72644926454714
1511151564779.026,14.9661994226373,19.2658922851702,10.9587442338214,18.3093945970957,15.2887103450859,2.82315864072872,2.14481868423739
1511151564779.034,17.0568657217146,18.3293773805394,8.01973236906998,19.9263448589449,16.8062013034577,5.47398408686099,1.76471083488525
1511151564779.044,19.8719423567493,18.4999388474152,11.4220630697278,14.6391142023597,11.7255898482648,0.249369829935627,0.472546763090506
1511151564779.052,19.4929982733048,19.7813947871197,14.804504661158,13.3704152895772,11.0624469084499,1.54996716520313,4.23345056020216
1511151564779.061,17.1569855387152,19.0699127570955,13.9710679843994,19.6449996253825,17.7687449885007,10.0298920839553,8.80843054532777
1511151564779.070,19.5204775785429,16.099549445455,18.2512832020549,16.8060797037268,15.0392289178473,3.90343383838434,4.86841752487117
1511151564779.079,19.0808768375241,16.5284012421322,13.3800718048029,17.6680673287425,15.1427777979918,3.06002789518362,1.86603198116669
1511151564779.088,15.4081909984003,16.0494684057565,19.9187452742307,19.8379937524454,18.2251870072475,5.86514313675073,6.73902713315057
1511151564779.096,12.895884514066,19.4348110244833,13.1130396214248,18.1706035966599,15.2163567191699,1.40903179747995,2.32923552371968
1511151564779.104,13.7429359057595,18.9897219404584,16.3132630113001,18.1397052797598,15.8420809457233,3.53488825743248,5.29957023921341
1511151564779.114,14.9850037102021,18.7259487632801,14.6865972282402,17.8749797481415,15.3790338877509,3.12056440411419,4.00844908819861
1511151564779.123,17.0790607116185,15.739544495162,13.7242656384885,19.4568251686805,16.8213218706164,2.92293316265113,1.16312095314116
1511151564779.132,7.34751631713934,19.7885477980199,18.118696704288,19.4918476051858,16.8546428692857,0.595566369156797,4.35562167770541
1511151564779.141,15.0157213999331,19.8724909200251,9.79235521308009,17.0674450917651,13.7316337202285,0.696148636037803,0.518452914792669
1511151564779.149,12.7958333081958,18.7698603980356,19.5998345151456,18.8435717917235,17.0917056568952,5.34706391818695,8.12116136529211
1511151564779.157,19.0657946615145,19.8098158286927,5.56340421230005,17.9658589263235,14.6635407630464,5.316972168574,1.63179938131749
1511151564779.166,16.7411678632687,18.6508258958951,9.85254700456533,18.8682755870104,15.9163868384598,4.51522060536131,2.35828228297143
1511151564779.174,18.8806183432332,17.2092958407974,18.0936617665079,19.095971712132,17.8241460218871,10.0210792795019,9.79194931961833
1511151564779.183,16.2685960814677,18.3924688376791,8.88956288320554,18.6659313277095,15.3630953353278,2.37320617221962,0.105754615563019
1511151564779.191,14.3407101290293,18.4178149365627,17.4174732110713,18.6851067240346,16.6822945846564,5.05557936481704,6.56076609234938
1511151564779.199,16.918799954505,16.9817970155421,15.070612696877,17.3362530312536,14.7959359161489,1.38143067604284,1.82636731329881
1511151564779.208,18.78369489476,17.9622681711329,13.3356368759534,19.2058835860388,17.1847463457583,8.71501423372396,6.82231808125815
1511151564779.216,19.1641900786565,19.8638954439579,15.0968742742497,15.917506774908,14.0837679215435,6.9132706540826,8.10815695918786
1511151564779.225,15.6600124547652,17.1400177018037,15.7672460859465,19.8816227541442,17.7493091289893,5.8991409279536,5.32455846604451
1511151564779.233,19.559853527469,18.1318278158911,18.6493276699723,17.1201223216554,15.8979857165184,8.8060618170631,10.0591370695426
1511151564779.242,6.88064676797982,19.618631425406,18.815381350879,19.9829814621038,17.4531745385876,1.12150449086769,4.92980666365059
1511151564779.251,14.0464962064051,18.0956603335354,17.8735742041531,18.1872142641144,16.0671596130738,3.24905100120107,5.29718734538521
1511151564779.260,14.7951451269878,19.1738247175811,7.69717454871848,19.2938315781241,15.7837243667549,2.56081008675194,0.053261918125278
1511151564779.269,18.816455730731,18.8327314579065,16.2521740691904,19.9529079554443,18.7991204572051,13.8071292238074,12.6330833718189
1511151564779.278,14.302033361276,18.5969007896541,19.6776443642231,16.932444723287,15.072646989721,2.95644512033752,6.52409958335526
1511151564779.287,18.9535235787687,15.638448539976,17.1033939365091,16.1557117187456,13.865735120472,0.171102703489749,1.2541523510625
1511151564779.296,16.4359298486648,17.2994893814073,18.9965930870198,18.1598559374641,16.4943387663526,5.49291162871988,7.04708268056393
1511151564779.304,12.7712345456533,17.5753332534357,18.7303874659969,18.4265863735097,16.1918971580979,1.58147943580521,4.10894909848886
1511151564779.312,19.9961143689563,19.9665827892697,10.1610813422543,15.1303949703911,12.3799596400391,3.54747578675438,3.19687719306494
1511151564779.322,19.4259546453081,19.4941588112987,4.63613215833645,19.8806621872,16.7447244971805,8.72992142091707,3.23493962678084
1511151564779.331,19.6828865173583,19.3003522924751,17.3102317804725,15.8634330440837,14.4154730678648,7.72911064086242,9.50610421922118
1511151564779.340,15.4140377703339,18.4917989357891,19.2914156987978,15.4147260081966,13.3763498850795,0.738474854961824,4.80431714757979
1511151564779.349,16.6070020416966,13.8518756594571,16.805668656187,19.8702142522905,17.4366869183659,1.38724852654169,0.300990031295526
1511151564779.358,18.6923942783552,16.5215684259233,16.4947581731859,18.8169342795648,17.0221331173185,6.87589951889165,6.18263652674603
1511151564779.367,17.2540722863967,18.7550984085632,15.5886227190804,14.880491501043,12.4080291204817,0.306511066867419,2.80971909930908
1511151564779.376,15.1180942630343,17.2960251584092,12.7430219525956,19.0807190672087,16.1696187636907,1.93997640537938,0.995211313068109
1511151564779.385,15.6913646568184,17.6049943929039,15.0080287089807,18.1500868228491,15.6605089676343,2.66945213549759,3.05676803014034
1511151564779.393,19.3130105068502,19.765971563464,11.6923804418525,18.9679651296096,17.042302852188,11.4083259961515,9.22073289130728
1511151564779.402,12.9167493690534,19.5256938401136,11.8631539246041,17.7735181024897,14.5323346724256,0.00667391470706757,0.742941352983217
1511151564779.411,17.849612540353,17.0518307141879,11.6024037428835,19.5458716990055,16.9165524144698,5.39644210760259,2.77669925377049
1511151564779.420,19.5566004589948,19.122457325699,13.4785826031258,13.967676750212,11.3946019620437,0.838515512418947,2.48975982489426
1511151564779.428,18.1936685413694,18.6319967591184,11.911012543106,17.078495108541,14.4381031406893,3.80774592282491,3.13913405121926
1511151564779.436,13.7282730591164,17.645806205376,19.5321729365761,19.6219311582587,17.9308182300551,6.03407731674927,7.74954825779856
1511151564779.445,16.8493012024363,17.4393132659809,19.3659706479389,16.8700539241873,15.1407643686572,3.76831224915355,6.21906756595175
1511151564779.454,17.4769352459008,18.8396427956566,14.8171386943623,17.1987711835183,15.0514743058873,5.27208278173947,5.86776887371851
1511151564779.463,18.7051150245883,16.3954481257257,14.2997414856547,18.2916398028695,15.9627275585335,4.19695545081601,3.02091928406605
1511151564779.471,19.5407961024273,17.8123380336808,16.8563441291729,14.4063106119595,12.2887878732365,1.25931579096102,3.63087066059603
1511151564779.479,18.4313205579723,17.7115877528753,13.836653696444,19.8378628175368,17.9156030967937,9.42023046583855,7.35636972681466
1511151564779.488,16.8819116276033,15.9904022984123,18.0251073690601,17.3727350676647,15.1954149623023,1.27368972009895,2.61842032962267
1511151564779.496,18.2583380040339,19.6671809071638,17.6400415433402,19.5355926852523,18.6421969251698,14.6264586488879,14.5798636463532
1511151564779.503,18.6682054484205,18.4057459938535,11.0830484571959,17.6254548936731,14.9615809043465,4.671761279937,3.1318693933215
1511151564779.512,13.7801454754218,19.8321427296809,14.9233893607984,19.7722522380054,17.6790236803588,7.87848622849224,8.16756507098244
1511151564779.520,17.6454496989664,19.6397541635435,18.023460507409,14.6633996226555,12.8571612721716,3.54290723395029,7.12261129856628
1511151564779.529,18.9310869513084,17.5256689531758,16.9056263778856,18.2433730136203,16.6645068669125,8.15512593660377,8.10326202571677
1511151564779.538,13.0917085438435,18.3182887102953,18.0980764206072,18.2495465655918,16.065807054324,2.68402419399868,5.12622554340047
1511151564779.546,19.3766273941164,17.42012092948,13.3744395642447,16.5016063256027,13.9938090296365,2.6741851635451,2.32905108926648
1511151564779.555,14.7649309148515,17.8729039381103,19.7371991621371,17.9715116183879,16.2437607291579,4.43200183698368,7.03807825565262
1511151564779.563,17.6184269772905,15.5530205919529,18.1650491194472,18.9119084252606,17.0755058725773,4.78820116793497,4.8253483335452
1511151564779.572,14.4239331970513,18.0024663643282,18.2562086776164,16.7214827710669,14.4558857393176,0.65613530520997,3.6943197308905
1511151564779.580,14.1723395808611,18.4236079965391,11.2150374722466,19.5128279677126,16.4542464347835,2.87516430036844,1.58783004759898
1511151564779.588,17.6438803749889,18.8141742797634,17.4764627849539,14.5027430755943,12.3985929865911,1.2669019890766,4.60491024205569
1511151564779.597,18.1867077208394,19.4654689598005,17.7729897716913,14.5243648290016,12.7025914582181,3.47330994149256,6.8454699559518
1511151564779.605,16.23080787798,18.9199555111621,14.4861666862229,17.2200546388384,14.8184049542281,3.6219270414062,4.50421381366173
1511151564779.613,17.6651596915816,14.7755222232834,18.0518025582376,19.5365825699388,17.6436183675085,4.6154808332241,4.03381459179866
1511151564779.623,17.0328599899238,18.1108423001011,17.7450958081552,15.7325625891171,13.6563813853002,1.89443939711483,4.57525678027107
1511151564779.631,14.7469208412809,16.4156911458095,15.2174291243465,19.2865617303323,16.6432705437876,1.67776674203664,1.4708609192375
1511151564779.639,18.7585531977881,15.9901187899954,16.3782296384485,17.6010430952968,15.4705234573162,3.25604219756049,3.22304937837275
1511151564779.648,17.3015579112094,18.3395239426033,19.0727775769071,19.0119866038848,17.8688013156336,10.528389750384,11.4389156634485
1511151564779.657,18.343148403591,17.7357019671328,7.86517403829835,19.9695306294108,16.9274324592079,6.02815469551055,1.70386905565663
1511151564779.667,19.2957263745046,19.7394028914476,8.85808708444705,17.6514445644736,14.9428511733504,6.79962548062297,4.45505874114816
1511151564779.676,19.0834655191177,18.0044263839663,17.6631567790831,17.8257239168255,16.4370287044954,8.84596150924571,9.39194953571173
1511151564779.684,19.9378997935023,14.8967621471215,16.3529141649431,19.2837090318307,17.4326206048895,6.29481872803734,4.53298951773408
1511151564779.701,15.4682688184776,19.8576718789671,16.2583284130146,15.5637242061269,13.2585450836401,1.94495632403913,5.01854536396471
1511151564779.709,19.3324889409491,17.6923275118194,19.5817435952127,14.6345770102265,13.0160629395324,2.88534938070026,6.15581723874024
1511151564779.717,17.2085364069399,19.9337282604324,11.560436635242,15.8268263769928,12.9877435018628,2.12750263742459,2.73185227904065
1511151564779.725,11.7955447723237,19.0030922268141,16.3627793947932,17.7778941948285,15.0968974631105,0.233638259426057,2.90193364100662
1511151564779.733,17.6570401980486,19.9882158367896,4.84028637891703,18.8377442923227,15.3516132009315,5.2288898218573,1.18238877348626
1511151564779.741,19.1231556833879,15.5960406343022,16.7175992540575,18.2577834753175,16.2929017147209,4.58929856865799,4.04776364553434
1511151564779.750,18.7584784939718,17.8371727801353,6.62358666089978,19.8482803333932,16.6394604790013,5.76572673327359,0.946914284480002
1511151564779.759,16.5293928699627,18.8093096372277,18.9913264263219,14.6413322338881,12.6595762046536,0.991940453067253,5.16038072404026
1511151564779.767,17.9705787183529,16.3884128151164,14.4257368724183,17.8241805527254,15.3090989027721,2.28325740654483,1.70891594352713
1511151564779.776,14.6016074149222,19.9557449099061,13.4207581502705,16.7689034337371,14.0144471519354,1.85832573702683,3.37264926708772
1511151564779.784,19.0733177629096,15.7363209737158,13.0197927938452,18.1839693124128,15.5235476706826,2.40471102507528,0.58929141477622
1511151564779.791,18.70552160832,17.3147737583301,18.5810676213096,18.121706699512,16.7585564489738,8.19798289267123,8.8828536183059
1511151564779.799,17.8722637621889,17.9883531817532,13.3610485824942,19.5044532528636,17.392416033992,8.21323162147234,6.43201742134276
1511151564779.808,19.0528898843452,17.8055153615196,16.4822953623416,19.3213572692984,17.9325680208486,10.9151087787993,9.98976931440131
1511151564779.817,13.5694150839787,18.604318545084,15.8676266772913,18.8328813319379,16.4688940965842,3.77604993085634,4.89580948941907
1511151564779.825,17.4592595491135,17.9061574336532,14.0111758631072,18.1905868808312,15.8791842515568,5.08114370457853,4.54746555528592
